Herb Name,Scientific Name,Traditional Use,Preparation,Season,Ailments
Ginger,Zingiber officinale,Anti-inflammatory,Fresh tea,Summer,Headache; Stomachache
Aloe Vera,Aloe barbadensis,Soothing skin irritations,Topical application,Summer,Allergies; Sunburn
Peppermint,Mentha piperita,Relief for digestive issues,Tea,Summer,Cough; Nausea; Headache
Rooibos,Aspalathus linearis,Antioxidant,Brewed as tea,Winter,Cold; Allergies
Marula,Sclerocarya birrea,Rich in Vitamin C,Juice,Spring,Cold; Immune support
Baobab,Adansonia digitata,Nutrient-rich fruit,Smoothies,All seasons,Stomachache; Fatigue
Lemon Balm,Melissa officinalis,Calming effect,Tea,Summer,Anxiety; Insomnia
Turmeric,Curcuma longa,Anti-inflammatory,Golden milk,Summer,Arthritis; Digestive issues
Thyme,Thymus vulgaris,Respiratory support,Herbal infusion,Summer,Cough; Bronchitis
Chamomile,Matricaria chamomilla,Promotes relaxation,Tea,Spring,Insomnia; Digestive issues
Echinacea,Echinacea purpurea,Boosts immune system,Tea,Summer,Colds; Flu
